Type,Name,Request Count,Failure Count,Median Response Time,Average Response Time,Min Response Time,Max Response Time,Average Content Size,Requests/s,Failures/s,50%,66%,75%,80%,90%,95%,98%,99%,99.9%,99.99%,100%
GET,/api/v1/menu/categories,140,0,11,40.48887588583706,2.78108299971791,474.7305419987242,482.0,5.823114986215928,0.0,11,15,19,22,29,440,450,460,470,470,470
GET,/api/v1/menu/items,140,0,10,76.82517265002389,2.0508749985310715,490.1553749987215,3380.0,5.823114986215928,0.0,10,14,18,26,450,470,470,480,490,490,490
POST,/api/v1/orders,117,22,2900,3724.3260313075434,444.03741600035573,13865.050459000486,267.0854700854701,4.866460381337597,0.9150609264053601,2900,4500,5000,6300,8900,11000,13000,14000,14000,14000,14000
GET,/api/v1/pos/kots,93,0,51,239.53502468813446,11.67945799898007,876.9755829998758,52228.0,3.868212097986295,0.0,51,460,470,470,490,500,580,880,880,880,880
GET,/api/v1/pos/table-sessions,94,0,38,218.75615730862185,12.36333300039405,507.53804100168054,11793.95744680851,3.9098057764592657,0.0,38,460,470,470,480,490,500,510,510,510,510
GET,/api/v1/sessions/1/bill,9,0,19,17.402430666455377,9.013291997689521,24.90708299956168,496.0,0.3743431062567382,0.0,19,19,23,24,25,25,25,25,25,25,25
GET,/api/v1/sessions/10/bill,5,0,17,16.847000001143897,5.8820410013140645,23.497250000218628,499.8,0.20796839236485457,0.0,17,21,21,23,23,23,23,23,23,23,23
GET,/api/v1/sessions/11/bill,5,0,23,18.912975199054927,6.130583999038208,27.790832999016857,500.8,0.20796839236485457,0.0,23,26,26,28,28,28,28,28,28,28,28
GET,/api/v1/sessions/12/bill,7,0,20,35.55151185615354,7.758499999908963,124.21283399817185,497.57142857142856,0.2911557493107964,0.0,20,23,34,34,120,120,120,120,120,120,120
GET,/api/v1/sessions/2/bill,9,0,19,20.137416555775822,8.819541999400826,38.3344580004632,497.55555555555554,0.3743431062567382,0.0,19,23,24,33,38,38,38,38,38,38,38
GET,/api/v1/sessions/3/bill,10,0,15,19.719749999785563,6.256499997107312,90.04587500021444,499.7,0.41593678472970913,0.0,15,15,17,20,90,90,90,90,90,90,90
GET,/api/v1/sessions/4/bill,9,0,22,115.25233322188595,6.4265000000887085,467.87612499974784,496.0,0.3743431062567382,0.0,22,25,30,450,470,470,470,470,470,470,470
GET,/api/v1/sessions/5/bill,6,0,15,14.673139000175675,8.70750000103726,20.283500001823995,494.3333333333333,0.24956207083782547,0.0,15,15,16,16,20,20,20,20,20,20,20
GET,/api/v1/sessions/6/bill,9,0,18,17.02907422238948,6.507040998258162,26.47745899957954,499.0,0.3743431062567382,0.0,18,19,22,23,26,26,26,26,26,26,26
GET,/api/v1/sessions/7/bill,7,0,17,16.32942842895448,4.50125000133994,29.803917001117952,495.57142857142856,0.2911557493107964,0.0,17,18,23,23,30,30,30,30,30,30,30
GET,/api/v1/sessions/8/bill,10,0,17,17.158254199603107,7.178832998761209,32.39891699922737,478.4,0.41593678472970913,0.0,17,19,23,24,32,32,32,32,32,32,32
GET,/api/v1/sessions/9/bill,9,0,18,25.805101777627392,6.0914159985259175,86.92325000083656,499.0,0.3743431062567382,0.0,18,21,23,34,87,87,87,87,87,87,87
POST,/api/v1/tables/qr/session,140,0,1300,2448.7502431643534,7.426500000292435,13479.614957999729,187.46428571428572,5.823114986215928,0.0,1300,2700,4000,5000,6700,8300,12000,12000,13000,13000,13000
,Aggregated,819,22,32,1026.3667950256515,2.0508749985310715,13865.050459000486,8072.1611721611725,34.06522266936318,0.9150609264053601,32,460,500,1000,3900,6200,8900,11000,14000,14000,14000
